[1,["ecpdLyjvZBwrvm+cedCcQy","a2tBXzjmRHWIetS1zkxuiC","beq11ThlxPXYrw1QMZ2gUQ","b9dN362PdCHau+JmX9ATO4","d3TnmM9tZB4qyhYuVLd8YF","d2NNcSUaZBq5AYQcLrJrCj","41rLOrXepNFpYh/WnZNxrL","25ywVtRChDlrUWlxKGyAsH","96NF2Gu/FBsYEqsfJEuyf0","8f22upUQdF8qaKvUF7uCG6","a9I1qJzDRGWYT2eC7Bzk8u","28zFz89ONDIbYzAbsQVXYB","59BixZoD9DPYJoNQnLSvf3","65zxsnJPlBRI8RL3wJhb51","7afzHAyBpFFZREa7bZwMH/","6aeAFCDJ1AMLHI69cXIGEs"],["node","_N$file","_spriteFrame","_textureSetter","_N$target","scene","_parent","hotUpdate","spriteFrame"],["cc.SpriteFrame","cc.Texture2D",["cc.Node",["_name","_active","_opacity","_parent","_components","_contentSize","_trs","_children","_color"],0,1,9,5,7,2,5],["cc.Sprite",["_sizeMode","_isTrimmedMode","_type","node","_materials","_spriteFrame"],0,1,3,6],["cc.Label",["_fontSize","_isSystemFontUsed","_N$horizontalAlign","_N$verticalAlign","_string","_lineHeight","_enableWrapText","_N$overflow","_styleFlags","node","_materials","_N$file"],-6,1,3,6],["cc.Node",["_name","_id","_children","_components","_contentSize","_trs","_parent"],1,2,12,5,7,1],["cc.Node",["_name","_parent","_components","_contentSize","_trs","_color","_anchorPoint"],2,1,2,5,7,5,5],["cc.Button",["zoomScale","_N$transition","node","clickEvents","_N$pressedColor","_N$disabledColor","_N$target"],1,1,9,5,5,1],["cc.SceneAsset",["_name","asyncLoadAssets"],1],["cc.Canvas",["_fitWidth","node","_designResolution"],2,1,5],["2a33dcxF+NBW6IzkrkZ/0RB",["node"],3,1],["cc.Widget",["_alignFlags","node"],2,1],["cc.ClickEvent",["_componentId","handler","target"],1,1],["cc.Scene",["_name","_children","_anchorPoint","_trs"],2,2,5,7],["cc.Camera",["_clearFlags","_depth","node"],1,1],["cc.ProgressBar",["_N$mode","_N$progress","node","_N$barSprite"],1,1,1],["5b80c4/SY5LZY3WCGIiF3Ot",["node","progressBar","lbProgress","lbMessage","nodeButtonTry","nodeButtonTryCheckVersion"],3,1,1,1,1,1,1],["23d18uKhIlKJaRUKfhtzpsz",["node","loadingView"],3,1,1],["cc.BitmapFont",["_name","fontSize","_fntConfig"],0],["cc.TTFFont",["_name","_native"],1]],[[2,0,3,4,5,2],[4,4,0,6,1,2,3,9,10,11,7],[12,0,1,2,3],[2,0,1,3,7,4,5,6,3],[2,0,2,3,4,8,5,6,3],[2,0,3,4,5,6,2],[6,0,1,2,3,4,2],[3,0,1,3,4,5,3],[3,3,4,5,1],[7,0,1,2,3,4,5,6,3],[19,0,1,3],[8,0,1,3],[5,0,1,2,3,4,5,3],[5,0,6,2,2],[5,0,6,2,3,4,5,2],[2,0,3,7,4,5,6,2],[2,0,3,4,2],[6,0,1,2,5,3,6,4,2],[9,0,1,2,2],[10,0,1],[11,0,1,2],[3,1,3,4,5,2],[3,0,3,4,5,2],[3,2,3,4,2],[7,2,3,1],[13,0,1,2,3,2],[14,0,1,2,3],[4,4,0,1,2,3,7,9,10,7],[4,0,5,1,2,3,9,10,6],[4,4,0,5,1,8,2,3,9,10,11,8],[4,4,0,1,2,3,9,10,11,6],[15,0,1,2,3,3],[16,0,1,2,3,4,5,1],[17,0,1,1],[18,0,1,2,4]],[[[[11,"loadingWeb",null],[12,"Canvas","f9zJkgZT5EU7EZN1zP7Lyo",[-6,-7,-8,-9,-10,-11,-12],[[[18,true,-1,[5,1398,786]],-2,-3,[19,-4],[20,45,-5]],4,1,1,4,4],[5,1398,786],[699,393,0,0,0,0,1,1,1,1]],[3,"btn-retry",false,1,[-16,-17],[[7,2,false,-13,[6],7],[9,1.1,3,-15,[[2,"23d18uKhIlKJaRUKfhtzpsz","retryClicked",1]],[4,4294967295],[4,4294967295],-14]],[5,203,60],[0,-156,0,0,0,0,1,1,1,0]],[3,"btn-retryCheckV",false,1,[-21,-22],[[7,2,false,-18,[12],13],[9,1.1,3,-20,[[2,"23d18uKhIlKJaRUKfhtzpsz","retryCheckVersionClicked",1]],[4,4294967295],[4,4294967295],-19]],[5,203,60],[0,-156,0,0,0,0,1,1,1,0]],[13,"bottom",1,[-23,-24,-25,-26]],[14,"progressBar",4,[-29],[[[21,false,-27,[17],18],-28],4,1],[5,695,55],[0,-217.047,0,0,0,0,1,1,1,1.61]],[15,"New Sprite",1,[-32],[[8,-30,[25],26],[24,-31,[[2,"5b80c4/SY5LZY3WCGIiF3Ot","downloadVPN",1]]]],[5,192,58],[333.233,-351.319,0,0,0,0,1,1,1,1]],[25,"New Node",[1],[0,0,0],[0,0,0,0,0,0,1,1,1,1]],[16,"Main Camera",1,[[26,7,-1,-33]]],[0,"bg_lb copy",1,[[22,0,-34,[0],1]],[5,1560,786]],[4,"Label",100,2,[[1,"Thử lại",28,false,false,1,1,-35,[2],3]],[4,4278190080],[5,84.78,50.4],[-1,-2,0,0,0,0,1,1,1,1]],[0,"Label",2,[[1,"Thử lại",28,false,false,1,1,-36,[4],5]],[5,84.78,50.4]],[4,"Label",100,3,[[1,"Thử lại",28,false,false,1,1,-37,[8],9]],[4,4278190080],[5,84.78,50.4],[-1,-2,0,0,0,0,1,1,1,1]],[0,"Label",3,[[1,"Thử lại",28,false,false,1,1,-38,[10],11]],[5,84.78,50.4]],[5,"Text_loading",4,[[8,-39,[14],15]],[5,105,30],[0,-245.625,0,0,0,0,1,1,1,1]],[6,"bar",5,[-40],[5,663,21],[0,5,0,0,0,0,1,1,1,1]],[23,3,15,[16]],[31,2,0,5,16],[6,"lbProgress",4,[-41],[5,132.93,41],[0,-211.521,0,0,0,0,1,1,1,1.2]],[27,"0%",17.999999999999936,false,1,1,2,18,[19]],[17,"lbMessage",4,[-42],[4,4286829560],[5,0,37.8],[0,0.5,1],[0,-273.969,0,0,0,0,1,1,1,1]],[28,24,30,false,1,1,20,[20]],[5,"note",1,[[29,"Lưu ý: Quá trình cập nhật lần đầu sẽ lâu hơn\nSử dụng app 1.1.1.1 nếu không cập nhật được",30,25,false,1,1,1,-43,[21],22]],[5,451.88,50],[0,-342.753,0,0,0,0,1,1,1,1]],[0,"note copy",6,[[30,"Tải 1.1.1.1",22,false,1,1,-44,[23],24]],[5,104.6,50.4]],[32,1,17,19,21,2,3],[33,1,24]],0,[0,0,1,0,-2,24,0,-3,25,0,0,1,0,0,1,0,-1,8,0,-2,9,0,-3,2,0,-4,3,0,-5,4,0,-6,22,0,-7,6,0,0,2,0,4,2,0,0,2,0,-1,10,0,-2,11,0,0,3,0,4,3,0,0,3,0,-1,12,0,-2,13,0,-1,14,0,-2,5,0,-3,18,0,-4,20,0,0,5,0,-2,17,0,-1,15,0,0,6,0,0,6,0,-1,23,0,0,8,0,0,9,0,0,10,0,0,11,0,0,12,0,0,13,0,0,14,0,-1,16,0,-1,19,0,-1,21,0,0,22,0,0,23,0,5,7,1,6,7,24,7,25,44],[0,0,0,0,0,0,0,0,0,0,0,0,0,0,0,0,0,0,0,0,0,0,0,0,0,0,0,16,19,21],[-1,2,-1,1,-1,1,-1,2,-1,1,-1,1,-1,2,-1,2,-1,-1,2,-1,-1,-1,1,-1,1,-1,2,2,1,1],[0,3,0,1,0,1,0,2,0,1,0,1,0,2,0,4,0,0,5,0,0,0,6,0,1,0,2,7,1,8]],[[{"name":"Ui_thanhloading","rect":[18,13,663,21],"offset":[0,6],"originalSize":[699,59],"capInsets":[0,0,0,0]}],[0],0,[0],[3],[9]],[["0,9729,9729,33071,33071,0,0,1",-1],[1],0,[],[],[]],[[[34,"font_chu_vang",32,{"commonHeight":34,"fontSize":32,"atlasName":"font_chu_vang.png","fontDefDictionary":{"9":{"xOffset":0,"yOffset":0,"xAdvance":160,"rect":{"x":0,"y":0,"width":0,"height":0}},"32":{"xOffset":0,"yOffset":0,"xAdvance":7,"rect":{"x":0,"y":0,"width":0,"height":0}},"33":{"xOffset":0,"yOffset":15,"xAdvance":6,"rect":{"x":265,"y":47,"width":5,"height":19}},"34":{"xOffset":0,"yOffset":15,"xAdvance":10,"rect":{"x":103,"y":89,"width":9,"height":9}},"35":{"xOffset":0,"yOffset":16,"xAdvance":13,"rect":{"x":202,"y":19,"width":12,"height":18}},"36":{"xOffset":0,"yOffset":14,"xAdvance":12,"rect":{"x":227,"y":56,"width":11,"height":22}},"37":{"xOffset":0,"yOffset":16,"xAdvance":22,"rect":{"x":0,"y":20,"width":21,"height":18}},"38":{"xOffset":0,"yOffset":15,"xAdvance":17,"rect":{"x":19,"y":93,"width":16,"height":19}},"39":{"xOffset":0,"yOffset":15,"xAdvance":5,"rect":{"x":257,"y":246,"width":4,"height":9}},"40":{"xOffset":0,"yOffset":15,"xAdvance":7,"rect":{"x":258,"y":111,"width":6,"height":22}},"41":{"xOffset":0,"yOffset":15,"xAdvance":7,"rect":{"x":259,"y":0,"width":6,"height":22}},"42":{"xOffset":0,"yOffset":15,"xAdvance":11,"rect":{"x":216,"y":0,"width":10,"height":12}},"43":{"xOffset":0,"yOffset":19,"xAdvance":14,"rect":{"x":147,"y":238,"width":13,"height":15}},"44":{"xOffset":0,"yOffset":27,"xAdvance":7,"rect":{"x":201,"y":245,"width":6,"height":10}},"45":{"xOffset":0,"yOffset":24,"xAdvance":8,"rect":{"x":87,"y":120,"width":7,"height":5}},"46":{"xOffset":0,"yOffset":27,"xAdvance":6,"rect":{"x":95,"y":120,"width":5,"height":7}},"47":{"xOffset":0,"yOffset":15,"xAdvance":9,"rect":{"x":239,"y":222,"width":8,"height":20}},"48":{"xOffset":0,"yOffset":16,"xAdvance":13,"rect":{"x":177,"y":0,"width":12,"height":18}},"49":{"xOffset":0,"yOffset":16,"xAdvance":9,"rect":{"x":248,"y":237,"width":8,"height":18}},"50":{"xOffset":0,"yOffset":16,"xAdvance":13,"rect":{"x":203,"y":0,"width":12,"height":18}},"51":{"xOffset":0,"yOffset":16,"xAdvance":12,"rect":{"x":239,"y":67,"width":11,"height":18}},"52":{"xOffset":0,"yOffset":16,"xAdvance":14,"rect":{"x":149,"y":0,"width":13,"height":18}},"53":{"xOffset":0,"yOffset":16,"xAdvance":13,"rect":{"x":190,"y":0,"width":12,"height":18}},"54":{"xOffset":0,"yOffset":16,"xAdvance":14,"rect":{"x":161,"y":211,"width":13,"height":18}},"55":{"xOffset":0,"yOffset":16,"xAdvance":13,"rect":{"x":188,"y":219,"width":12,"height":18}},"56":{"xOffset":0,"yOffset":16,"xAdvance":14,"rect":{"x":161,"y":230,"width":13,"height":18}},"57":{"xOffset":0,"yOffset":16,"xAdvance":14,"rect":{"x":163,"y":0,"width":13,"height":18}},"58":{"xOffset":0,"yOffset":20,"xAdvance":6,"rect":{"x":258,"y":202,"width":5,"height":14}},"59":{"xOffset":0,"yOffset":20,"xAdvance":7,"rect":{"x":257,"y":220,"width":6,"height":17}},"60":{"xOffset":0,"yOffset":19,"xAdvance":14,"rect":{"x":175,"y":85,"width":13,"height":15}},"61":{"xOffset":0,"yOffset":21,"xAdvance":14,"rect":{"x":67,"y":242,"width":13,"height":10}},"62":{"xOffset":0,"yOffset":19,"xAdvance":13,"rect":{"x":201,"y":187,"width":12,"height":15}},"63":{"xOffset":0,"yOffset":15,"xAdvance":11,"rect":{"x":239,"y":126,"width":10,"height":19}},"64":{"xOffset":0,"yOffset":17,"xAdvance":18,"rect":{"x":18,"y":234,"width":17,"height":20}},"65":{"xOffset":0,"yOffset":15,"xAdvance":17,"rect":{"x":36,"y":119,"width":16,"height":19}},"66":{"xOffset":0,"yOffset":15,"xAdvance":13,"rect":{"x":214,"y":146,"width":12,"height":19}},"67":{"xOffset":0,"yOffset":15,"xAdvance":15,"rect":{"x":118,"y":105,"width":14,"height":19}},"68":{"xOffset":0,"yOffset":15,"xAdvance":17,"rect":{"x":36,"y":236,"width":16,"height":19}},"69":{"xOffset":0,"yOffset":15,"xAdvance":12,"rect":{"x":227,"y":127,"width":11,"height":19}},"70":{"xOffset":0,"yOffset":15,"xAdvance":11,"rect":{"x":239,"y":146,"width":10,"height":19}},"71":{"xOffset":0,"yOffset":15,"xAdvance":16,"rect":{"x":102,"y":177,"width":15,"height":19}},"72":{"xOffset":0,"yOffset":15,"xAdvance":15,"rect":{"x":105,"y":0,"width":14,"height":19}},"73":{"xOffset":0,"yOffset":15,"xAdvance":5,"rect":{"x":265,"y":67,"width":4,"height":19}},"74":{"xOffset":0,"yOffset":15,"xAdvance":10,"rect":{"x":239,"y":181,"width":9,"height":19}},"75":{"xOffset":0,"yOffset":15,"xAdvance":15,"rect":{"x":102,"y":218,"width":14,"height":19}},"76":{"xOffset":0,"yOffset":15,"xAdvance":12,"rect":{"x":215,"y":19,"width":11,"height":19}},"77":{"xOffset":0,"yOffset":15,"xAdvance":19,"rect":{"x":0,"y":69,"width":18,"height":19}},"78":{"xOffset":0,"yOffset":15,"xAdvance":15,"rect":{"x":118,"y":42,"width":14,"height":19}},"79":{"xOffset":0,"yOffset":15,"xAdvance":17,"rect":{"x":53,"y":98,"width":16,"height":19}},"80":{"xOffset":0,"yOffset":15,"xAdvance":14,"rect":{"x":162,"y":39,"width":13,"height":19}},"81":{"xOffset":0,"yOffset":15,"xAdvance":17,"rect":{"x":54,"y":49,"width":16,"height":22}},"82":{"xOffset":0,"yOffset":15,"xAdvance":14,"rect":{"x":162,"y":19,"width":13,"height":19}},"83":{"xOffset":0,"yOffset":15,"xAdvance":13,"rect":{"x":175,"y":101,"width":12,"height":19}},"84":{"xOffset":0,"yOffset":15,"xAdvance":15,"rect":{"x":133,"y":20,"width":14,"height":19}},"85":{"xOffset":0,"yOffset":15,"xAdvance":15,"rect":{"x":120,"y":0,"width":14,"height":19}},"86":{"xOffset":0,"yOffset":15,"xAdvance":17,"rect":{"x":53,"y":191,"width":16,"height":19}},"87":{"xOffset":0,"yOffset":15,"xAdvance":23,"rect":{"x":0,"y":0,"width":22,"height":19}},"88":{"xOffset":0,"yOffset":15,"xAdvance":16,"rect":{"x":86,"y":236,"width":15,"height":19}},"89":{"xOffset":0,"yOffset":15,"xAdvance":16,"rect":{"x":89,"y":0,"width":15,"height":19}},"90":{"xOffset":0,"yOffset":15,"xAdvance":14,"rect":{"x":147,"y":198,"width":13,"height":19}},"91":{"xOffset":0,"yOffset":15,"xAdvance":6,"rect":{"x":264,"y":223,"width":5,"height":22}},"92":{"xOffset":0,"yOffset":15,"xAdvance":9,"rect":{"x":249,"y":181,"width":8,"height":20}},"93":{"xOffset":0,"yOffset":15,"xAdvance":6,"rect":{"x":259,"y":47,"width":5,"height":22}},"94":{"xOffset":0,"yOffset":16,"xAdvance":14,"rect":{"x":37,"y":74,"width":13,"height":14}},"95":{"xOffset":0,"yOffset":33,"xAdvance":14,"rect":{"x":20,"y":63,"width":13,"height":4}},"96":{"xOffset":0,"yOffset":14,"xAdvance":7,"rect":{"x":251,"y":111,"width":6,"height":7}},"97":{"xOffset":0,"yOffset":20,"xAdvance":12,"rect":{"x":202,"y":64,"width":11,"height":14}},"98":{"xOffset":0,"yOffset":14,"xAdvance":14,"rect":{"x":148,"y":40,"width":13,"height":20}},"99":{"xOffset":0,"yOffset":20,"xAdvance":11,"rect":{"x":214,"y":238,"width":10,"height":14}},"100":{"xOffset":0,"yOffset":14,"xAdvance":14,"rect":{"x":161,"y":136,"width":13,"height":20}},"101":{"xOffset":0,"yOffset":20,"xAdvance":13,"rect":{"x":188,"y":238,"width":12,"height":14}},"102":{"xOffset":0,"yOffset":14,"xAdvance":10,"rect":{"x":239,"y":201,"width":9,"height":20}},"103":{"xOffset":0,"yOffset":20,"xAdvance":14,"rect":{"x":147,"y":86,"width":13,"height":19}},"104":{"xOffset":0,"yOffset":14,"xAdvance":13,"rect":{"x":214,"y":64,"width":12,"height":20}},"105":{"xOffset":0,"yOffset":14,"xAdvance":6,"rect":{"x":264,"y":202,"width":5,"height":20}},"106":{"xOffset":0,"yOffset":14,"xAdvance":8,"rect":{"x":250,"y":150,"width":7,"height":25}},"107":{"xOffset":0,"yOffset":14,"xAdvance":13,"rect":{"x":214,"y":191,"width":12,"height":20}},"108":{"xOffset":0,"yOffset":14,"xAdvance":5,"rect":{"x":265,"y":140,"width":4,"height":20}},"109":{"xOffset":0,"yOffset":20,"xAdvance":20,"rect":{"x":0,"y":39,"width":19,"height":14}},"110":{"xOffset":0,"yOffset":20,"xAdvance":13,"rect":{"x":214,"y":131,"width":12,"height":14}},"111":{"xOffset":0,"yOffset":20,"xAdvance":14,"rect":{"x":0,"y":238,"width":13,"height":14}},"112":{"xOffset":0,"yOffset":20,"xAdvance":14,"rect":{"x":147,"y":178,"width":13,"height":19}},"113":{"xOffset":0,"yOffset":20,"xAdvance":14,"rect":{"x":147,"y":218,"width":13,"height":19}},"114":{"xOffset":0,"yOffset":20,"xAdvance":9,"rect":{"x":248,"y":222,"width":8,"height":14}},"115":{"xOffset":0,"yOffset":20,"xAdvance":11,"rect":{"x":239,"y":166,"width":10,"height":14}},"116":{"xOffset":0,"yOffset":17,"xAdvance":9,"rect":{"x":249,"y":202,"width":8,"height":17}},"117":{"xOffset":0,"yOffset":20,"xAdvance":13,"rect":{"x":176,"y":44,"width":12,"height":14}},"118":{"xOffset":0,"yOffset":20,"xAdvance":14,"rect":{"x":53,"y":237,"width":13,"height":14}},"119":{"xOffset":0,"yOffset":20,"xAdvance":20,"rect":{"x":0,"y":54,"width":19,"height":14}},"120":{"xOffset":0,"yOffset":20,"xAdvance":14,"rect":{"x":117,"y":239,"width":13,"height":14}},"121":{"xOffset":0,"yOffset":20,"xAdvance":14,"rect":{"x":161,"y":61,"width":13,"height":20}},"122":{"xOffset":0,"yOffset":20,"xAdvance":12,"rect":{"x":189,"y":83,"width":11,"height":14}},"123":{"xOffset":0,"yOffset":15,"xAdvance":8,"rect":{"x":251,"y":88,"width":7,"height":22}},"124":{"xOffset":0,"yOffset":13,"xAdvance":5,"rect":{"x":265,"y":87,"width":4,"height":27}},"125":{"xOffset":0,"yOffset":15,"xAdvance":8,"rect":{"x":251,"y":44,"width":7,"height":22}},"126":{"xOffset":0,"yOffset":22,"xAdvance":14,"rect":{"x":22,"y":25,"width":13,"height":8}},"192":{"xOffset":0,"yOffset":11,"xAdvance":16,"rect":{"x":70,"y":197,"width":15,"height":23}},"193":{"xOffset":0,"yOffset":11,"xAdvance":17,"rect":{"x":36,"y":139,"width":16,"height":23}},"194":{"xOffset":0,"yOffset":11,"xAdvance":16,"rect":{"x":73,"y":0,"width":15,"height":23}},"195":{"xOffset":0,"yOffset":11,"xAdvance":17,"rect":{"x":36,"y":212,"width":16,"height":23}},"200":{"xOffset":0,"yOffset":11,"xAdvance":12,"rect":{"x":227,"y":79,"width":11,"height":23}},"201":{"xOffset":0,"yOffset":11,"xAdvance":12,"rect":{"x":227,"y":103,"width":11,"height":23}},"202":{"xOffset":0,"yOffset":11,"xAdvance":12,"rect":{"x":227,"y":218,"width":11,"height":23}},"204":{"xOffset":0,"yOffset":11,"xAdvance":8,"rect":{"x":250,"y":126,"width":7,"height":23}},"205":{"xOffset":0,"yOffset":11,"xAdvance":7,"rect":{"x":259,"y":23,"width":6,"height":23}},"210":{"xOffset":0,"yOffset":11,"xAdvance":17,"rect":{"x":36,"y":163,"width":16,"height":23}},"211":{"xOffset":0,"yOffset":11,"xAdvance":17,"rect":{"x":53,"y":74,"width":16,"height":23}},"212":{"xOffset":0,"yOffset":11,"xAdvance":17,"rect":{"x":54,"y":25,"width":16,"height":23}},"213":{"xOffset":0,"yOffset":11,"xAdvance":17,"rect":{"x":20,"y":39,"width":16,"height":23}},"217":{"xOffset":0,"yOffset":11,"xAdvance":15,"rect":{"x":132,"y":174,"width":14,"height":23}},"218":{"xOffset":0,"yOffset":11,"xAdvance":15,"rect":{"x":132,"y":198,"width":14,"height":23}},"221":{"xOffset":0,"yOffset":11,"xAdvance":15,"rect":{"x":132,"y":222,"width":14,"height":23}},"224":{"xOffset":0,"yOffset":14,"xAdvance":13,"rect":{"x":175,"y":121,"width":12,"height":20}},"225":{"xOffset":0,"yOffset":14,"xAdvance":13,"rect":{"x":175,"y":162,"width":12,"height":20}},"226":{"xOffset":0,"yOffset":14,"xAdvance":13,"rect":{"x":188,"y":126,"width":12,"height":20}},"227":{"xOffset":0,"yOffset":15,"xAdvance":12,"rect":{"x":239,"y":106,"width":11,"height":19}},"232":{"xOffset":0,"yOffset":14,"xAdvance":13,"rect":{"x":189,"y":40,"width":12,"height":20}},"233":{"xOffset":0,"yOffset":14,"xAdvance":13,"rect":{"x":189,"y":19,"width":12,"height":20}},"234":{"xOffset":0,"yOffset":14,"xAdvance":13,"rect":{"x":201,"y":123,"width":12,"height":20}},"236":{"xOffset":0,"yOffset":14,"xAdvance":8,"rect":{"x":251,"y":67,"width":7,"height":20}},"237":{"xOffset":0,"yOffset":14,"xAdvance":7,"rect":{"x":258,"y":181,"width":6,"height":20}},"242":{"xOffset":0,"yOffset":14,"xAdvance":14,"rect":{"x":133,"y":129,"width":13,"height":20}},"243":{"xOffset":0,"yOffset":14,"xAdvance":14,"rect":{"x":133,"y":85,"width":13,"height":20}},"244":{"xOffset":0,"yOffset":14,"xAdvance":14,"rect":{"x":147,"y":65,"width":13,"height":20}},"245":{"xOffset":0,"yOffset":15,"xAdvance":14,"rect":{"x":133,"y":65,"width":13,"height":19}},"249":{"xOffset":0,"yOffset":14,"xAdvance":13,"rect":{"x":201,"y":203,"width":12,"height":20}},"250":{"xOffset":0,"yOffset":14,"xAdvance":13,"rect":{"x":201,"y":224,"width":12,"height":20}},"253":{"xOffset":0,"yOffset":14,"xAdvance":14,"rect":{"x":161,"y":82,"width":13,"height":26}},"258":{"xOffset":0,"yOffset":11,"xAdvance":17,"rect":{"x":37,"y":50,"width":16,"height":23}},"259":{"xOffset":0,"yOffset":15,"xAdvance":13,"rect":{"x":175,"y":142,"width":12,"height":19}},"272":{"xOffset":0,"yOffset":15,"xAdvance":17,"rect":{"x":53,"y":171,"width":16,"height":19}},"273":{"xOffset":0,"yOffset":14,"xAdvance":16,"rect":{"x":102,"y":156,"width":15,"height":20}},"296":{"xOffset":0,"yOffset":11,"xAdvance":8,"rect":{"x":251,"y":0,"width":7,"height":23}},"297":{"xOffset":0,"yOffset":15,"xAdvance":8,"rect":{"x":251,"y":24,"width":7,"height":19}},"360":{"xOffset":0,"yOffset":11,"xAdvance":15,"rect":{"x":118,"y":150,"width":14,"height":23}},"361":{"xOffset":0,"yOffset":15,"xAdvance":12,"rect":{"x":239,"y":25,"width":11,"height":19}},"416":{"xOffset":0,"yOffset":13,"xAdvance":18,"rect":{"x":18,"y":137,"width":17,"height":21}},"417":{"xOffset":0,"yOffset":17,"xAdvance":15,"rect":{"x":87,"y":102,"width":14,"height":17}},"431":{"xOffset":0,"yOffset":12,"xAdvance":18,"rect":{"x":18,"y":211,"width":17,"height":22}},"432":{"xOffset":0,"yOffset":17,"xAdvance":15,"rect":{"x":102,"y":238,"width":14,"height":17}},"7840":{"xOffset":0,"yOffset":15,"xAdvance":17,"rect":{"x":37,"y":25,"width":16,"height":24}},"7841":{"xOffset":0,"yOffset":20,"xAdvance":12,"rect":{"x":239,"y":86,"width":11,"height":19}},"7842":{"xOffset":0,"yOffset":10,"xAdvance":16,"rect":{"x":71,"y":24,"width":15,"height":24}},"7843":{"xOffset":0,"yOffset":13,"xAdvance":13,"rect":{"x":175,"y":229,"width":12,"height":21}},"7844":{"xOffset":0,"yOffset":9,"xAdvance":16,"rect":{"x":87,"y":24,"width":15,"height":25}},"7845":{"xOffset":0,"yOffset":12,"xAdvance":14,"rect":{"x":133,"y":150,"width":13,"height":22}},"7846":{"xOffset":0,"yOffset":10,"xAdvance":16,"rect":{"x":87,"y":50,"width":15,"height":24}},"7847":{"xOffset":0,"yOffset":12,"xAdvance":12,"rect":{"x":215,"y":39,"width":11,"height":22}},"7848":{"xOffset":0,"yOffset":9,"xAdvance":17,"rect":{"x":53,"y":145,"width":16,"height":25}},"7849":{"xOffset":0,"yOffset":12,"xAdvance":13,"rect":{"x":188,"y":147,"width":12,"height":22}},"7850":{"xOffset":0,"yOffset":8,"xAdvance":16,"rect":{"x":87,"y":75,"width":15,"height":26}},"7851":{"xOffset":0,"yOffset":12,"xAdvance":13,"rect":{"x":188,"y":170,"width":12,"height":22}},"7852":{"xOffset":0,"yOffset":11,"xAdvance":16,"rect":{"x":102,"y":102,"width":15,"height":28}},"7853":{"xOffset":0,"yOffset":14,"xAdvance":13,"rect":{"x":188,"y":193,"width":12,"height":25}},"7854":{"xOffset":0,"yOffset":9,"xAdvance":16,"rect":{"x":86,"y":128,"width":15,"height":25}},"7855":{"xOffset":0,"yOffset":12,"xAdvance":13,"rect":{"x":175,"y":183,"width":12,"height":22}},"7856":{"xOffset":0,"yOffset":9,"xAdvance":16,"rect":{"x":86,"y":154,"width":15,"height":25}},"7857":{"xOffset":0,"yOffset":12,"xAdvance":13,"rect":{"x":175,"y":206,"width":12,"height":22}},"7858":{"xOffset":0,"yOffset":8,"xAdvance":16,"rect":{"x":86,"y":180,"width":15,"height":26}},"7859":{"xOffset":0,"yOffset":11,"xAdvance":12,"rect":{"x":227,"y":171,"width":11,"height":23}},"7860":{"xOffset":0,"yOffset":8,"xAdvance":17,"rect":{"x":53,"y":118,"width":16,"height":26}},"7861":{"xOffset":0,"yOffset":12,"xAdvance":12,"rect":{"x":227,"y":195,"width":11,"height":22}},"7862":{"xOffset":0,"yOffset":11,"xAdvance":16,"rect":{"x":86,"y":207,"width":15,"height":28}},"7863":{"xOffset":0,"yOffset":15,"xAdvance":13,"rect":{"x":188,"y":101,"width":12,"height":24}},"7864":{"xOffset":0,"yOffset":15,"xAdvance":12,"rect":{"x":239,"y":0,"width":11,"height":24}},"7865":{"xOffset":0,"yOffset":20,"xAdvance":13,"rect":{"x":201,"y":103,"width":12,"height":19}},"7866":{"xOffset":0,"yOffset":10,"xAdvance":13,"rect":{"x":176,"y":19,"width":12,"height":24}},"7867":{"xOffset":0,"yOffset":13,"xAdvance":13,"rect":{"x":189,"y":61,"width":12,"height":21}},"7868":{"xOffset":0,"yOffset":11,"xAdvance":12,"rect":{"x":227,"y":147,"width":11,"height":23}},"7869":{"xOffset":0,"yOffset":15,"xAdvance":13,"rect":{"x":201,"y":83,"width":12,"height":19}},"7870":{"xOffset":0,"yOffset":9,"xAdvance":14,"rect":{"x":175,"y":59,"width":13,"height":25}},"7871":{"xOffset":0,"yOffset":12,"xAdvance":15,"rect":{"x":103,"y":20,"width":14,"height":22}},"7872":{"xOffset":0,"yOffset":10,"xAdvance":13,"rect":{"x":214,"y":166,"width":12,"height":24}},"7873":{"xOffset":0,"yOffset":12,"xAdvance":13,"rect":{"x":201,"y":164,"width":12,"height":22}},"7874":{"xOffset":0,"yOffset":9,"xAdvance":13,"rect":{"x":202,"y":38,"width":12,"height":25}},"7875":{"xOffset":0,"yOffset":12,"xAdvance":13,"rect":{"x":214,"y":85,"width":12,"height":22}},"7876":{"xOffset":0,"yOffset":8,"xAdvance":12,"rect":{"x":227,"y":0,"width":11,"height":26}},"7877":{"xOffset":0,"yOffset":12,"xAdvance":13,"rect":{"x":214,"y":108,"width":12,"height":22}},"7878":{"xOffset":0,"yOffset":11,"xAdvance":12,"rect":{"x":227,"y":27,"width":11,"height":28}},"7879":{"xOffset":0,"yOffset":14,"xAdvance":13,"rect":{"x":214,"y":212,"width":12,"height":25}},"7880":{"xOffset":0,"yOffset":10,"xAdvance":7,"rect":{"x":258,"y":156,"width":6,"height":24}},"7881":{"xOffset":0,"yOffset":13,"xAdvance":7,"rect":{"x":258,"y":134,"width":6,"height":21}},"7882":{"xOffset":0,"yOffset":15,"xAdvance":5,"rect":{"x":265,"y":115,"width":4,"height":24}},"7883":{"xOffset":0,"yOffset":14,"xAdvance":6,"rect":{"x":259,"y":70,"width":5,"height":25}},"7884":{"xOffset":0,"yOffset":15,"xAdvance":17,"rect":{"x":23,"y":0,"width":16,"height":24}},"7885":{"xOffset":0,"yOffset":20,"xAdvance":14,"rect":{"x":135,"y":0,"width":13,"height":19}},"7886":{"xOffset":0,"yOffset":10,"xAdvance":17,"rect":{"x":36,"y":187,"width":16,"height":24}},"7887":{"xOffset":0,"yOffset":13,"xAdvance":14,"rect":{"x":118,"y":174,"width":13,"height":21}},"7888":{"xOffset":0,"yOffset":9,"xAdvance":17,"rect":{"x":36,"y":93,"width":16,"height":25}},"7889":{"xOffset":0,"yOffset":12,"xAdvance":15,"rect":{"x":103,"y":43,"width":14,"height":22}},"7890":{"xOffset":0,"yOffset":10,"xAdvance":17,"rect":{"x":40,"y":0,"width":16,"height":24}},"7891":{"xOffset":0,"yOffset":12,"xAdvance":14,"rect":{"x":147,"y":106,"width":13,"height":22}},"7892":{"xOffset":0,"yOffset":9,"xAdvance":17,"rect":{"x":53,"y":211,"width":16,"height":25}},"7893":{"xOffset":0,"yOffset":12,"xAdvance":14,"rect":{"x":133,"y":106,"width":13,"height":22}},"7894":{"xOffset":0,"yOffset":8,"xAdvance":17,"rect":{"x":70,"y":101,"width":16,"height":26}},"7895":{"xOffset":0,"yOffset":12,"xAdvance":14,"rect":{"x":147,"y":129,"width":13,"height":22}},"7896":{"xOffset":0,"yOffset":11,"xAdvance":17,"rect":{"x":70,"y":72,"width":16,"height":28}},"7897":{"xOffset":0,"yOffset":14,"xAdvance":14,"rect":{"x":147,"y":152,"width":13,"height":25}},"7898":{"xOffset":0,"yOffset":11,"xAdvance":18,"rect":{"x":18,"y":113,"width":17,"height":23}},"7899":{"xOffset":0,"yOffset":14,"xAdvance":15,"rect":{"x":102,"y":197,"width":14,"height":20}},"7900":{"xOffset":0,"yOffset":11,"xAdvance":19,"rect":{"x":0,"y":89,"width":18,"height":23}},"7901":{"xOffset":0,"yOffset":14,"xAdvance":16,"rect":{"x":70,"y":221,"width":15,"height":20}},"7902":{"xOffset":0,"yOffset":10,"xAdvance":18,"rect":{"x":0,"y":213,"width":17,"height":24}},"7903":{"xOffset":0,"yOffset":13,"xAdvance":16,"rect":{"x":71,"y":49,"width":15,"height":21}},"7904":{"xOffset":0,"yOffset":11,"xAdvance":18,"rect":{"x":0,"y":189,"width":17,"height":23}},"7905":{"xOffset":0,"yOffset":15,"xAdvance":15,"rect":{"x":118,"y":85,"width":14,"height":19}},"7906":{"xOffset":0,"yOffset":13,"xAdvance":18,"rect":{"x":18,"y":159,"width":17,"height":26}},"7907":{"xOffset":0,"yOffset":17,"xAdvance":15,"rect":{"x":103,"y":66,"width":14,"height":22}},"7908":{"xOffset":0,"yOffset":15,"xAdvance":15,"rect":{"x":133,"y":40,"width":14,"height":24}},"7909":{"xOffset":0,"yOffset":20,"xAdvance":13,"rect":{"x":201,"y":144,"width":12,"height":19}},"7910":{"xOffset":0,"yOffset":10,"xAdvance":15,"rect":{"x":118,"y":125,"width":14,"height":24}},"7911":{"xOffset":0,"yOffset":13,"xAdvance":12,"rect":{"x":239,"y":45,"width":11,"height":21}},"7912":{"xOffset":0,"yOffset":11,"xAdvance":18,"rect":{"x":0,"y":141,"width":17,"height":23}},"7913":{"xOffset":0,"yOffset":14,"xAdvance":15,"rect":{"x":117,"y":197,"width":14,"height":20}},"7914":{"xOffset":0,"yOffset":11,"xAdvance":18,"rect":{"x":19,"y":69,"width":17,"height":23}},"7915":{"xOffset":0,"yOffset":14,"xAdvance":15,"rect":{"x":117,"y":218,"width":14,"height":20}},"7916":{"xOffset":0,"yOffset":10,"xAdvance":18,"rect":{"x":18,"y":186,"width":17,"height":24}},"7917":{"xOffset":0,"yOffset":13,"xAdvance":15,"rect":{"x":118,"y":20,"width":14,"height":21}},"7918":{"xOffset":0,"yOffset":11,"xAdvance":18,"rect":{"x":0,"y":165,"width":17,"height":23}},"7919":{"xOffset":0,"yOffset":15,"xAdvance":16,"rect":{"x":70,"y":128,"width":15,"height":19}},"7920":{"xOffset":0,"yOffset":12,"xAdvance":18,"rect":{"x":0,"y":113,"width":17,"height":27}},"7921":{"xOffset":0,"yOffset":17,"xAdvance":15,"rect":{"x":118,"y":62,"width":14,"height":22}},"7922":{"xOffset":0,"yOffset":11,"xAdvance":16,"rect":{"x":70,"y":148,"width":15,"height":23}},"7923":{"xOffset":0,"yOffset":14,"xAdvance":14,"rect":{"x":161,"y":109,"width":13,"height":26}},"7924":{"xOffset":0,"yOffset":15,"xAdvance":16,"rect":{"x":70,"y":172,"width":15,"height":24}},"7925":{"xOffset":0,"yOffset":20,"xAdvance":14,"rect":{"x":148,"y":20,"width":13,"height":19}},"7926":{"xOffset":0,"yOffset":10,"xAdvance":16,"rect":{"x":102,"y":131,"width":15,"height":24}},"7927":{"xOffset":0,"yOffset":13,"xAdvance":14,"rect":{"x":161,"y":183,"width":13,"height":27}},"7928":{"xOffset":0,"yOffset":11,"xAdvance":16,"rect":{"x":57,"y":0,"width":15,"height":23}},"7929":{"xOffset":0,"yOffset":15,"xAdvance":14,"rect":{"x":161,"y":157,"width":13,"height":25}},"8220":{"xOffset":0,"yOffset":15,"xAdvance":10,"rect":{"x":103,"y":89,"width":9,"height":9}},"8221":{"xOffset":0,"yOffset":15,"xAdvance":10,"rect":{"x":103,"y":89,"width":9,"height":9}}},"kerningDict":{}}]],0,0,[0],[8],[10]],[["1,9729,9729,33071,33071,0,0,1",-1],[1],0,[],[],[]],[["0,9729,9729,33071,33071,0,0,1",-1],[1],0,[],[],[]],[["0,9729,9729,33071,33071,0,0,1",-1],[1],0,[],[],[]],[["0,9729,9729,33071,33071,0,0,1",-1],[1],0,[],[],[]],[["0,9729,9729,33071,33071,0,0,1",-1],[1],0,[],[],[]],[[[10,"Roboto-Regular","Roboto-Regular.ttf"],-1],0,0,[],[],[]],[[[10,"Roboto-Bold","Roboto-Bold.ttf"],-1],0,0,[],[],[]],[[{"name":"font_chu_vang","rect":[0,0,270,255],"offset":[-121,0.5],"originalSize":[512,256],"capInsets":[0,0,0,0]}],[0],0,[0],[3],[11]],[[{"name":"BG_loading_KKK","rect":[0,0,1560,720],"offset":[0,0],"originalSize":[1560,720],"capInsets":[0,0,0,0]}],[0],0,[0],[3],[12]],[[{"name":"button2","rect":[5,2,192,58],"offset":[-0.5,-1],"originalSize":[203,60],"capInsets":[89,0,88,0]}],[0],0,[0],[3],[13]],[[{"name":"Ui_thanhloading_bg","rect":[2,2,695,55],"offset":[0,0],"originalSize":[699,59],"capInsets":[0,0,0,0]}],[0],0,[0],[3],[14]],[[{"name":"Text_loading","rect":[1,0,105,30],"offset":[0.5,0],"originalSize":[106,30],"capInsets":[0,0,0,0]}],[0],0,[0],[3],[15]]]]